<!--?xml version="1.0" encoding="UTF-8"?-->
<response>
   <result>
      <parent>
      <made_sla>false</made_sla>
      <caused_by>
      <watch_list>
      <upon_reject>
      <sys_updated_on>2016-01-19 20:16:07</sys_updated_on>
      <child_incidents>
      <hold_reason>
      <approval_history>
      <number>INC0000001</number>
      <resolved_by>
         <link>https://instance.service-now.com/api/now/table/sys_user/6816f79cc0a8016401c5a33be04be441
         <value>6816f79cc0a8016401c5a33be04be441</value>
      </resolved_by>
      <sys_updated_by>admin</sys_updated_by>
      <opened_by>
         <link>https://instance.service-now.com/api/now/table/sys_user/681ccaf9c0a8016400b98a06818d57c7
         <value>681ccaf9c0a8016400b98a06818d57c7</value>
      </opened_by>
      <user_input>
      <sys_created_on>2014-05-20 18:24:13</sys_created_on>
      <sys_domain>
         <link>https://instance.service-now.com/api/now/table/sys_user_group/global
         <value>global</value>
      </sys_domain>
      <state>7</state>
      <sys_created_by>pat</sys_created_by>
      <knowledge>false</knowledge>
      <order>
      <calendar_stc>7937181</calendar_stc>
      <closed_at>2015-10-20 23:10:06</closed_at>
      <cmdb_ci>
         <link>https://instance.service-now.com/api/now/table/cmdb_ci/b0c4030ac0a800090152e7a4564ca36c
         <value>b0c4030ac0a800090152e7a4564ca36c</value>
      </cmdb_ci>
      <delivery_plan>
      <impact>1</impact>
      <active>false</active>
      <work_notes_list>
      <business_service>
      <priority>1</priority>
      <sys_domain_path>/</sys_domain_path>
      <rfc>
      <time_worked>
      <expected_start>
      <rejection_goto>
      <opened_at>2015-10-19 23:09:51</opened_at>
      <business_duration>1970-01-22 21:46:21</business_duration>
      <group_list>      
      <work_end>
      <caller_id>
         <link>https://instance.service-now.com/api/now/table/sys_user/5137153cc611227c000bbd1bd8cd2005
         <value>5137153cc611227c000bbd1bd8cd2005</value>
      </caller_id>
      <resolved_at>2016-01-19 19:56:12</resolved_at>
      <approval_set>
      <subcategory>
      <wf_activity>
      <work_notes>
      <short_description>Can't read email</short_description>
      <close_code>Closed/Resolved by Caller</close_code>
      <correlation_display>
      <delivery_task>
      <work_start>
      <assignment_group>
         <link>https://instance.service-now.com/api/now/table/sys_user_group/d625dccec0a8016700a222a0f7900d06
         <value>d625dccec0a8016700a222a0f7900d06</value>
      </assignment_group>
      <additional_assignee_list>
      <business_stc>1892781</business_stc>
      <description>User can't access email on mail.company.com.</description>
      <calendar_duration>1970-04-02 20:46:21</calendar_duration>
      <close_notes>Closed before close notes were made mandatory</close_notes>
      <notify>1</notify>
      <sys_class_name>incident</sys_class_name>
      <closed_by>
         <link>https://instance.service-now.com/api/now/table/sys_user/9ee1b13dc6112271007f9d0efdb69cd0
         <value>9ee1b13dc6112271007f9d0efdb69cd0</value>
      </closed_by>
      <follow_up>
      <parent_incident>
      <sys_id>9c573169c611228700193229fff72400</sys_id>
      <contact_type>
      <incident_state>7</incident_state>
      <urgency>1</urgency>
      <problem_id>
         <link>https://instance.service-now.com/api/now/table/problem/9d3a266ac6112287004e37fb2ceb0133
         <value>9d3a266ac6112287004e37fb2ceb0133</value>
      </problem_id>
      <company>
      <reassignment_count>1</reassignment_count>
      <activity_due>
      <assigned_to>
         <link>https://instance.service-now.com/api/now/table/sys_user/46b87022a9fe198101a78787e40d7547
         <value>46b87022a9fe198101a78787e40d7547</value>
      </assigned_to>
      <severity>1</severity>
      <comments>
      <approval>
      <sla_due>
      <comments_and_work_notes>
      <due_date>
      <sys_mod_count>21</sys_mod_count>
      <reopen_count>
      <sys_tags>
      <escalation>0</escalation>
      <upon_approval>
      <correlation_id>
      <location>
         <link>https://instance.service-now.com/api/now/table/cmn_location/1083361cc611227501b682158cabf646
         <value>1083361cc611227501b682158cabf646</value>
      </location>
      <category>network</category>
   </correlation_id></upon_approval></sys_tags></reopen_count></due_date></comments_and_work_notes></sla_due></approval></comments></activity_due></company></contact_type></parent_incident></follow_up></additional_assignee_list></work_start></delivery_task></correlation_display></work_notes></wf_activity></subcategory></approval_set></work_end></group_list></rejection_goto></expected_start></time_worked></rfc></business_service></work_notes_list></delivery_plan></order></user_input></approval_history></hold_reason></child_incidents></upon_reject></watch_list></caused_by></parent></result>
</response>